IDx,IDy,Posix,Posiy,accuracy
0,0,-0.8056305437716931,-0.8981874276899344,miss
0,1,-0.801002699575781,-0.8881604319321249,miss
0,2,-0.803316621673737,-0.8735055919784034,miss
0,3,-0.8048592364057077,-0.8549942151947552,miss
0,4,-0.803316621673737,-0.8387967605090628,miss
0,5,-0.8040879290397223,-0.8040879290397223,miss
0,6,-0.803316621673737,-0.7794060933281912,miss
0,7,-0.8040879290397223,-0.7493251060547628,miss
0,8,-0.8002313922097957,-0.7069032009255689,miss
0,9,-0.7986887774778249,-0.673736984188199,miss
0,10,-0.8002313922097957,-0.6397994600848438,miss
0,11,-0.801002699575781,-0.5842653297338989,miss
0,12,-0.801002699575781,-0.5433860393366756,miss
0,13,-0.8002313922097957,-0.5079059005013498,miss
0,14,-0.8025453143077517,-0.4446586964905514,miss
0,15,-0.8017740069417663,-0.3960663324334748,miss
0,16,-0.8017740069417663,-0.3582722715001928,miss
0,17,-0.8002313922097957,-0.2911685306594678,miss
0,18,-0.8025453143077517,-0.2472040107983031,miss
0,19,-0.8002313922097957,-0.2047821056691091,miss
0,20,-0.7971461627458543,-0.1315079059005013,miss
0,21,-0.8002313922097957,-0.0829155418434246,miss
0,22,-0.7948322406478981,-0.0343231777863478,miss
0,23,-0.7932896259159274,0.0404936367142305,miss
0,24,-0.7956035480138836,0.0875433860393366,miss
0,25,-0.8002313922097957,0.1299652911685307,miss
0,26,-0.801002699575781,0.200154261473197,miss
0,27,-0.801002699575781,0.2479753181642885,miss
0,28,-0.803316621673737,0.2965676822213652,miss
0,29,-0.8025453143077517,0.3613575009641341,miss
0,30,-0.8025453143077517,0.4022367913613576,miss
0,31,-0.8017740069417663,0.4516004627844197,miss
0,32,-0.8017740069417663,0.5109911299652912,miss
0,33,-0.8017740069417663,0.5456999614346316,miss
0,34,-0.8048592364057077,0.5804087929039723,miss
0,35,-0.8071731585036637,0.6451986116467412,miss
0,36,-0.8079444658696491,0.6660239105283456,miss
0,37,-0.8087157732356344,0.7076745082915541,miss
0,38,-0.8102583879676051,0.7524103355187042,miss
0,39,-0.8094870806016198,0.7747782491322792,miss
0,40,-0.8110296953335905,0.8118010026995759,miss
0,41,-0.8141149247975318,0.8426532973389895,miss
0,42,-0.8164288468954879,0.861164674122638,miss
0,43,-0.8156575395295025,0.8819899730042422,miss
0,44,-0.8141149247975318,0.8943308908600076,miss
1,0,-0.7956878850102669,-0.9034907597535934,miss
1,1,-0.7926078028747433,-0.8921971252566735,miss
1,2,-0.7926078028747433,-0.8726899383983573,miss
1,3,-0.7956878850102669,-0.8531827515400411,miss
1,4,-0.7963748553798689,-0.8403393752410335,
1,5,-0.7933370976849238,-0.8001129305477132,
1,6,-0.7967250141163185,-0.7730095990965556,
1,7,-0.7922077922077921,-0.745906267645398,
1,8,-0.7910784867306606,-0.7007340485601354,
1,9,-0.7922077922077921,-0.6679841897233201,
1,10,-0.7922077922077921,-0.6408808582721626,
1,11,-0.7944664031620553,-0.5787690570299266,
1,12,-0.7922077922077921,-0.541501976284585,
1,13,-0.7899491812535291,-0.5076228119706381,
1,14,-0.7933370976849238,-0.4387351778656126,
1,15,-0.7922077922077921,-0.3958215697346132,
1,16,-0.7936344969199178,-0.3572895277207392,miss
1,17,-0.7925183185499421,-0.282684149633629,
1,18,-0.794,-0.242,
1,19,-0.7932896259159274,-0.2047821056691091,
1,20,-0.7863478596220594,-0.1268800617045893,
1,21,-0.79,-0.0839999999999999,
1,22,-0.7792607802874744,-0.0359342915811088,miss
1,23,-0.7802874743326489,0.0451745379876795,miss
1,24,-0.78789047435403,0.0821442344774392,
1,25,-0.7917470111839569,0.1276513690705747,
1,26,-0.7932896259159274,0.1962977246432704,
1,27,-0.7940609332819129,0.2456613960663325,
1,28,-0.7948322406478981,0.2950250674893946,
1,29,-0.796,0.3540000000000001,
1,30,-0.7940609332819129,0.4022367913613576,
1,31,-0.7940609332819129,0.4485152333204782,
1,32,-0.7925183185499421,0.5086772078673352,
1,33,-0.7948322406478981,0.5433860393366756,
1,34,-0.7986887774778249,0.5827227150019283,
1,35,-0.7997946611909651,0.6457905544147844,miss
1,36,-0.8018480492813141,0.6642710472279261,miss
1,37,-0.804,0.702,
1,38,-0.804,0.746,
1,39,-0.801002699575781,0.7701504049363672,
1,40,-0.8025453143077517,0.8040879290397223,
1,41,-0.8064018511376784,0.8395680678750481,
1,42,-0.8100616016427105,0.8542094455852156,miss
1,43,-0.8080082135523614,0.8798767967145791,miss
1,44,-0.8025453143077517,0.8943308908600076,miss
2,0,-0.7628336755646817,-0.9024640657084188,miss
2,1,-0.757700205338809,-0.891170431211499,miss
2,2,-0.7605872388481084,-0.8712591756070017,
2,3,-0.7605872388481084,-0.8509316770186335,
2,4,-0.7628458498023716,-0.8362507058159232,
2,5,-0.7594579333709769,-0.8035008469791078,
2,6,-0.7571993224167137,-0.771880293619424,
2,7,-0.7605872388481084,-0.7470355731225297,
2,8,-0.7617165443252399,-0.7029926595143987,
2,9,-0.7594579333709769,-0.6679841897233201,
2,10,-0.7605872388481084,-0.637492941840768,
2,11,-0.7605872388481084,-0.5821569734613212,
2,12,-0.7605872388481084,-0.5437605872388481,
2,13,-0.7594579333709769,-0.5098814229249011,
2,14,-0.7605872388481084,-0.4409937888198758,
2,15,-0.7617165443252399,-0.3969508752117447,
2,16,-0.7605872388481084,-0.3551665725578768,
2,17,-0.766,-0.286,
2,18,-0.764,-0.24,
2,19,-0.766,-0.1999999999999999,
2,20,-0.76,-0.128,
2,21,-0.766,-0.0819999999999999,
2,22,-0.76,-0.036,
2,23,-0.7607802874743327,0.0492813141683778,
2,24,-0.758,0.084,
2,25,-0.762,0.1259999999999999,
2,26,-0.768,0.1999999999999999,
2,27,-0.768,0.25,
2,28,-0.768,0.294,
2,29,-0.768,0.3580000000000001,
2,30,-0.77,0.4019999999999999,
2,31,-0.772,0.4499999999999999,
2,32,-0.77,0.512,
2,33,-0.766,0.54,
2,34,-0.77,0.5860000000000001,
2,35,-0.7700205338809035,0.6457905544147844,
2,36,-0.774,0.6699999999999999,
2,37,-0.778,0.708,
2,38,-0.776,0.752,
2,39,-0.78,0.778,
2,40,-0.78,0.808,
2,41,-0.782,0.8440000000000001,
2,42,-0.786,0.8580000000000001,
2,43,-0.782,0.8879999999999999,
2,44,-0.7802874743326489,0.9014373716632444,miss
3,0,-0.74435318275154,-0.9014373716632444,miss
3,1,-0.7412731006160165,-0.8921971252566735,miss
3,2,-0.74435318275154,-0.8726899383983573,miss
3,3,-0.7413890457368718,-0.8565782044042913,
3,4,-0.7392197125256674,-0.8418891170431211,miss
3,5,-0.74,-0.802,
3,6,-0.74,-0.778,
3,7,-0.7368718238283456,-0.7492941840767928,
3,8,-0.7391304347826086,-0.7018633540372671,
3,9,-0.7391304347826086,-0.6679841897233201,
3,10,-0.7346132128740824,-0.6363636363636364,
3,11,-0.7334839073969508,-0.5844155844155844,
3,12,-0.7323546019198193,-0.5426312817617165,
3,13,-0.7368718238283456,-0.5098814229249011,
3,14,-0.7334839073969508,-0.4421230942970073,
3,15,-0.7346132128740824,-0.3969508752117447,
3,16,-0.7357425183512141,-0.35742518351214,
3,17,-0.74,-0.286,
3,18,-0.738,-0.238,
3,19,-0.736,-0.1979999999999999,
3,20,-0.736,-0.12,
3,21,-0.738,-0.0799999999999999,
3,22,-0.74,-0.036,
3,23,-0.7340862422997947,0.0451745379876795,miss
3,24,-0.74,0.086,
3,25,-0.738,0.1319999999999999,
3,26,-0.742,0.1999999999999999,
3,27,-0.744,0.248,
3,28,-0.744,0.294,
3,29,-0.742,0.3580000000000001,
3,30,-0.744,0.4019999999999999,
3,31,-0.744,0.4519999999999999,
3,32,-0.744,0.514,
3,33,-0.744,0.548,
3,34,-0.742,0.5940000000000001,
3,35,-0.7422997946611909,0.6447638603696098,
3,36,-0.746,0.6719999999999999,
3,37,-0.748,0.712,
3,38,-0.7453798767967146,0.7494866529774127,
3,39,-0.7484599589322383,0.7751540041067762,miss
3,40,-0.754,0.8140000000000001,
3,41,-0.7494866529774127,0.8449691991786448,
3,42,-0.7525667351129364,0.8634496919917864,miss
3,43,-0.7494866529774127,0.8891170431211499,miss
3,44,-0.7546201232032854,0.9014373716632444,miss
4,0,-0.7227926078028748,-0.908624229979466,miss
4,1,-0.7165443252399775,-0.8949745906267645,
4,2,-0.718,-0.878,
4,3,-0.72,-0.854,
4,4,-0.72,-0.84,
4,5,-0.718,-0.808,
4,6,-0.716,-0.776,
4,7,-0.718,-0.75,
4,8,-0.716,-0.702,
4,9,-0.718,-0.6679999999999999,
4,10,-0.714,-0.638,
4,11,-0.714,-0.5840000000000001,
4,12,-0.71,-0.542,
4,13,-0.714,-0.514,
4,14,-0.714,-0.4419999999999999,
4,15,-0.716,-0.4,
4,16,-0.714,-0.358,
4,17,-0.714,-0.284,
4,18,-0.714,-0.24,
4,19,-0.71,-0.1939999999999999,
4,20,-0.716,-0.122,
4,21,-0.718,-0.0819999999999999,
4,22,-0.718,-0.034,
4,23,-0.716,0.046,
4,24,-0.718,0.084,
4,25,-0.718,0.1299999999999999,
4,26,-0.72,0.1999999999999999,
4,27,-0.72,0.248,
4,28,-0.72,0.294,
4,29,-0.72,0.3620000000000001,
4,30,-0.72,0.4019999999999999,
4,31,-0.72,0.4519999999999999,
4,32,-0.718,0.512,
4,33,-0.718,0.546,
4,34,-0.726,0.5940000000000001,
4,35,-0.728,0.6439999999999999,
4,36,-0.726,0.6759999999999999,
4,37,-0.724,0.71,
4,38,-0.7268993839835729,0.7556468172484601,
4,39,-0.7268993839835729,0.7741273100616017,miss
4,40,-0.734,0.812,
4,41,-0.731006160164271,0.8459958932238194,
4,42,-0.73305954825462,0.8603696098562628,miss
4,43,-0.7361396303901437,0.8870636550308009,miss
4,44,-0.7340862422997947,0.9024640657084188,miss
5,0,-0.6817248459958932,-0.908624229979466,miss
5,1,-0.675564681724846,-0.8942505133470225,miss
5,2,-0.6765913757700206,-0.8747433264887063,miss
5,3,-0.677618069815195,-0.8521560574948666,
5,4,-0.677618069815195,-0.837782340862423,miss
5,5,-0.6759999999999999,-0.808,
5,6,-0.6759999999999999,-0.778,
5,7,-0.6759999999999999,-0.756,
5,8,-0.6719999999999999,-0.7,
5,9,-0.6739999999999999,-0.6679999999999999,
5,10,-0.6739999999999999,-0.638,
5,11,-0.6739999999999999,-0.5840000000000001,
5,12,-0.6679999999999999,-0.542,
5,13,-0.6739999999999999,-0.514,
5,14,-0.6699999999999999,-0.4439999999999999,
5,15,-0.6719999999999999,-0.4,
5,16,-0.6719999999999999,-0.358,
5,17,-0.6739999999999999,-0.284,
5,18,-0.6719999999999999,-0.24,
5,19,-0.6739999999999999,-0.1979999999999999,
5,20,-0.6779999999999999,-0.122,
5,21,-0.6759999999999999,-0.0799999999999999,
5,22,-0.6739999999999999,-0.034,
5,23,-0.6759999999999999,0.044,
5,24,-0.6759999999999999,0.082,
5,25,-0.6759999999999999,0.1299999999999999,
5,26,-0.6759999999999999,0.1979999999999999,
5,27,-0.6759999999999999,0.25,
5,28,-0.6779999999999999,0.296,
5,29,-0.6819999999999999,0.3560000000000001,
5,30,-0.6839999999999999,0.4079999999999999,
5,31,-0.6839999999999999,0.4519999999999999,
5,32,-0.6819999999999999,0.516,
5,33,-0.6839999999999999,0.552,
5,34,-0.6839999999999999,0.5960000000000001,
5,35,-0.6859999999999999,0.6499999999999999,
5,36,-0.688,0.6759999999999999,
5,37,-0.69,0.714,
5,38,-0.694,0.76,
5,39,-0.696,0.78,
5,40,-0.696,0.8160000000000001,
5,41,-0.6928289102202145,0.849802371541502,
5,42,-0.6973461321287409,0.865612648221344,
5,43,-0.6996047430830039,0.8893280632411067,
5,44,-0.6981519507186859,0.9024640657084188,miss
6,0,-0.6519507186858315,-0.9055441478439424,miss
6,1,-0.6498973305954825,-0.8901437371663244,miss
6,2,-0.6499153020892151,-0.8746470920383964,
6,3,-0.652,-0.862,
6,4,-0.652,-0.848,
6,5,-0.652,-0.81,
6,6,-0.646,-0.776,
6,7,-0.648,-0.75,
6,8,-0.646,-0.704,
6,9,-0.646,-0.6679999999999999,
6,10,-0.646,-0.64,
6,11,-0.64,-0.5780000000000001,
6,12,-0.642,-0.544,
6,13,-0.642,-0.512,
6,14,-0.642,-0.4459999999999999,
6,15,-0.64,-0.402,
6,16,-0.644,-0.36,
6,17,-0.648,-0.284,
6,18,-0.646,-0.238,
6,19,-0.648,-0.1939999999999999,
6,20,-0.642,-0.122,
6,21,-0.642,-0.0779999999999999,
6,22,-0.644,-0.036,
6,23,-0.642,0.046,
6,24,-0.644,0.086,
6,25,-0.644,0.1319999999999999,
6,26,-0.646,0.1999999999999999,
6,27,-0.646,0.246,
6,28,-0.646,0.294,
6,29,-0.648,0.3620000000000001,
6,30,-0.648,0.4099999999999999,
6,31,-0.648,0.4519999999999999,
6,32,-0.648,0.516,
6,33,-0.65,0.552,
6,34,-0.652,0.5940000000000001,
6,35,-0.656,0.6539999999999999,
6,36,-0.656,0.6799999999999999,
6,37,-0.656,0.712,
6,38,-0.6579999999999999,0.758,
6,39,-0.6619999999999999,0.788,
6,40,-0.6599999999999999,0.8220000000000001,
6,41,-0.6570841889117043,0.8511293634496919,
6,42,-0.6581108829568789,0.8624229979466118,
6,43,-0.662217659137577,0.8870636550308009,
6,44,-0.6673511293634498,0.9024640657084188,miss
7,0,-0.6252566735112937,-0.908624229979466,miss
7,1,-0.6170431211498973,-0.8942505133470225,miss
7,2,-0.6205533596837944,-0.8814229249011858,
7,3,-0.622,-0.86,
7,4,-0.62,-0.844,
7,5,-0.62,-0.804,
7,6,-0.616,-0.778,
7,7,-0.618,-0.75,
7,8,-0.616,-0.702,
7,9,-0.618,-0.6699999999999999,
7,10,-0.614,-0.64,
7,11,-0.608,-0.5740000000000001,
7,12,-0.61,-0.544,
7,13,-0.61,-0.508,
7,14,-0.61,-0.4499999999999999,
7,15,-0.614,-0.402,
7,16,-0.614,-0.36,
7,17,-0.614,-0.286,
7,18,-0.614,-0.236,
7,19,-0.614,-0.1919999999999999,
7,20,-0.614,-0.122,
7,21,-0.612,-0.0759999999999999,
7,22,-0.612,-0.036,
7,23,-0.618,0.042,
7,24,-0.616,0.086,
7,25,-0.618,0.1359999999999999,
7,26,-0.618,0.1999999999999999,
7,27,-0.62,0.25,
7,28,-0.618,0.296,
7,29,-0.622,0.3640000000000001,
7,30,-0.622,0.4079999999999999,
7,31,-0.624,0.4559999999999999,
7,32,-0.622,0.518,
7,33,-0.622,0.556,
7,34,-0.626,0.5940000000000001,
7,35,-0.628,0.6479999999999999,
7,36,-0.628,0.6799999999999999,
7,37,-0.628,0.718,
7,38,-0.63,0.762,
7,39,-0.634,0.784,
7,40,-0.638,0.8180000000000001,
7,41,-0.6406570841889117,0.853182751540041,
7,42,-0.6416837782340863,0.8665297741273101,
7,43,-0.6427104722792607,0.8870636550308009,
7,44,-0.6447638603696099,0.904517453798768,miss
8,0,-0.5790554414784395,-0.9055441478439424,miss
8,1,-0.5759753593429158,-0.8921971252566735,miss
8,2,-0.5749486652977412,-0.8788501026694046,miss
8,3,-0.5770020533880904,-0.86652977412731,miss
8,4,-0.5740000000000001,-0.844,
8,5,-0.5700000000000001,-0.806,
8,6,-0.5720000000000001,-0.778,
8,7,-0.5680000000000001,-0.75,
8,8,-0.5700000000000001,-0.704,
8,9,-0.5660000000000001,-0.6659999999999999,
8,10,-0.5700000000000001,-0.638,
8,11,-0.5700000000000001,-0.5800000000000001,
8,12,-0.5700000000000001,-0.544,
8,13,-0.5700000000000001,-0.504,
8,14,-0.5680000000000001,-0.4479999999999999,
8,15,-0.5680000000000001,-0.398,
8,16,-0.5680000000000001,-0.358,
8,17,-0.5680000000000001,-0.286,
8,18,-0.5680000000000001,-0.238,
8,19,-0.5700000000000001,-0.1899999999999999,
8,20,-0.5700000000000001,-0.122,
8,21,-0.5680000000000001,-0.0759999999999999,
8,22,-0.5700000000000001,-0.04,
8,23,-0.5700000000000001,0.044,
8,24,-0.5700000000000001,0.084,
8,25,-0.5740000000000001,0.1339999999999999,
8,26,-0.5740000000000001,0.1999999999999999,
8,27,-0.5760000000000001,0.25,
8,28,-0.5740000000000001,0.302,
8,29,-0.5740000000000001,0.3660000000000001,
8,30,-0.5780000000000001,0.4079999999999999,
8,31,-0.5780000000000001,0.4619999999999999,
8,32,-0.5800000000000001,0.522,
8,33,-0.5780000000000001,0.554,
8,34,-0.5800000000000001,0.5960000000000001,
8,35,-0.5840000000000001,0.6519999999999999,
8,36,-0.5860000000000001,0.6799999999999999,
8,37,-0.5860000000000001,0.72,
8,38,-0.5900000000000001,0.762,
8,39,-0.5900000000000001,0.78,
8,40,-0.594,0.8180000000000001,
8,41,-0.5965092402464065,0.8552361396303902,
8,42,-0.5985626283367557,0.8665297741273101,
8,43,-0.5995893223819302,0.891170431211499,miss
8,44,-0.5975359342915811,0.9034907597535936,miss
9,0,-0.5472279260780287,-0.9075975359342916,miss
9,1,-0.5451745379876797,-0.8942505133470225,miss
9,2,-0.5437605872388481,-0.8814229249011858,
9,3,-0.5420944558521561,-0.86652977412731,miss
9,4,-0.5403726708074534,-0.8407679277244495,
9,5,-0.54,-0.806,
9,6,-0.54,-0.78,
9,7,-0.538,-0.75,
9,8,-0.536,-0.704,
9,9,-0.536,-0.6699999999999999,
9,10,-0.538,-0.64,
9,11,-0.54,-0.5880000000000001,
9,12,-0.536,-0.538,
9,13,-0.538,-0.51,
9,14,-0.536,-0.4459999999999999,
9,15,-0.538,-0.4,
9,16,-0.536,-0.356,
9,17,-0.534,-0.284,
9,18,-0.534,-0.236,
9,19,-0.532,-0.1879999999999999,
9,20,-0.534,-0.12,
9,21,-0.536,-0.0779999999999999,
9,22,-0.534,-0.038,
9,23,-0.534,0.042,
9,24,-0.536,0.086,
9,25,-0.538,0.1359999999999999,
9,26,-0.536,0.2019999999999999,
9,27,-0.536,0.246,
9,28,-0.538,0.302,
9,29,-0.54,0.3660000000000001,
9,30,-0.54,0.4079999999999999,
9,31,-0.54,0.4599999999999999,
9,32,-0.544,0.522,
9,33,-0.544,0.556,
9,34,-0.548,0.6000000000000001,
9,35,-0.548,0.6519999999999999,
9,36,-0.552,0.6819999999999999,
9,37,-0.552,0.722,
9,38,-0.554,0.764,
9,39,-0.554,0.788,
9,40,-0.556,0.8220000000000001,
9,41,-0.5585215605749487,0.8552361396303902,
9,42,-0.5626283367556468,0.8706365503080082,
9,43,-0.5636550308008214,0.893223819301848,miss
9,44,-0.5657084188911704,0.9055441478439424,miss
10,0,-0.5133470225872689,-0.9065708418891172,miss
10,1,-0.5102669404517454,-0.893223819301848,miss
10,2,-0.5110107284020328,-0.8723884810841332,
10,3,-0.5098814229249011,-0.8610954263128177,
10,4,-0.5064935064935066,-0.8430265386787126,
10,5,-0.508,-0.806,
10,6,-0.508,-0.778,
10,7,-0.506,-0.75,
10,8,-0.506,-0.702,
10,9,-0.508,-0.6699999999999999,
10,10,-0.51,-0.644,
10,11,-0.512,-0.5800000000000001,
10,12,-0.51,-0.544,
10,13,-0.508,-0.508,
10,14,-0.506,-0.4419999999999999,
10,15,-0.504,-0.4,
10,16,-0.506,-0.35,
10,17,-0.502,-0.286,
10,18,-0.504,-0.236,
10,19,-0.506,-0.186,
10,20,-0.506,-0.118,
10,21,-0.508,-0.0779999999999999,
10,22,-0.502,-0.036,
10,23,-0.508,0.044,
10,24,-0.508,0.084,
10,25,-0.508,0.1379999999999999,
10,26,-0.51,0.2039999999999999,
10,27,-0.508,0.25,
10,28,-0.51,0.298,
10,29,-0.508,0.3680000000000001,
10,30,-0.51,0.4079999999999999,
10,31,-0.512,0.4579999999999999,
10,32,-0.512,0.52,
10,33,-0.514,0.554,
10,34,-0.516,0.6000000000000001,
10,35,-0.522,0.6559999999999999,
10,36,-0.524,0.6819999999999999,
10,37,-0.528,0.722,
10,38,-0.53,0.764,
10,39,-0.526,0.788,
10,40,-0.53,0.8240000000000001,
10,41,-0.5313382269904009,0.849802371541502,
10,42,-0.5335968379446641,0.865612648221344,
10,43,-0.5379876796714579,0.8963039014373717,miss
10,44,-0.5410677618069815,0.9075975359342916,miss
11,0,-0.4661190965092402,-0.908624229979466,miss
11,1,-0.4650924024640657,-0.8921971252566735,miss
11,2,-0.4613212874082439,-0.8735177865612649,
11,3,-0.4609856262833676,-0.8603696098562629,miss
11,4,-0.4568788501026694,-0.8470225872689938,miss
11,5,-0.4579999999999999,-0.806,
11,6,-0.4559999999999999,-0.778,
11,7,-0.4579999999999999,-0.752,
11,8,-0.4599999999999999,-0.706,
11,9,-0.4559999999999999,-0.6699999999999999,
11,10,-0.4579999999999999,-0.652,
11,11,-0.4539999999999999,-0.5800000000000001,
11,12,-0.4559999999999999,-0.544,
11,13,-0.4559999999999999,-0.508,
11,14,-0.4519999999999999,-0.4379999999999999,
11,15,-0.4499999999999999,-0.394,
11,16,-0.4499999999999999,-0.354,
11,17,-0.4539999999999999,-0.284,
11,18,-0.4519999999999999,-0.238,
11,19,-0.4559999999999999,-0.1899999999999999,
11,20,-0.4579999999999999,-0.118,
11,21,-0.4559999999999999,-0.0739999999999999,
11,22,-0.4599999999999999,-0.032,
11,23,-0.4559999999999999,0.044,
11,24,-0.4579999999999999,0.084,
11,25,-0.4579999999999999,0.1379999999999999,
11,26,-0.4599999999999999,0.2079999999999999,
11,27,-0.4639999999999999,0.252,
11,28,-0.4599999999999999,0.302,
11,29,-0.4599999999999999,0.3660000000000001,
11,30,-0.4619999999999999,0.4099999999999999,
11,31,-0.4619999999999999,0.4539999999999999,
11,32,-0.4639999999999999,0.52,
11,33,-0.4659999999999999,0.558,
11,34,-0.4659999999999999,0.6040000000000001,
11,35,-0.472,0.6519999999999999,
11,36,-0.472,0.6839999999999999,
11,37,-0.478,0.722,
11,38,-0.48,0.766,
11,39,-0.482,0.792,
11,40,-0.482,0.8260000000000001,
11,41,-0.4835728952772073,0.853182751540041,
11,42,-0.4856262833675564,0.8675564681724846,
11,43,-0.4907597535934291,0.8973305954825461,miss
11,44,-0.4948665297741272,0.9075975359342916,miss
12,0,-0.4373716632443531,-0.9106776180698152,miss
12,1,-0.4312114989733059,-0.8942505133470225,miss
12,2,-0.4330886504799548,-0.8735177865612649,
12,3,-0.4312114989733059,-0.8583162217659137,miss
12,4,-0.4297007340485601,-0.8441558441558441,
12,5,-0.43,-0.808,
12,6,-0.428,-0.78,
12,7,-0.428,-0.752,
12,8,-0.428,-0.702,
12,9,-0.43,-0.6759999999999999,
12,10,-0.426,-0.646,
12,11,-0.424,-0.5800000000000001,
12,12,-0.422,-0.542,
12,13,-0.42,-0.506,
12,14,-0.42,-0.4379999999999999,
12,15,-0.422,-0.396,
12,16,-0.424,-0.356,
12,17,-0.424,-0.286,
12,18,-0.424,-0.24,
12,19,-0.428,-0.1959999999999999,
12,20,-0.432,-0.1119999999999999,
12,21,-0.43,-0.0739999999999999,
12,22,-0.432,-0.032,
12,23,-0.428,0.044,
12,24,-0.424,0.086,
12,25,-0.43,0.1399999999999999,
12,26,-0.43,0.2039999999999999,
12,27,-0.43,0.252,
12,28,-0.43,0.306,
12,29,-0.432,0.3680000000000001,
12,30,-0.432,0.4119999999999999,
12,31,-0.432,0.4599999999999999,
12,32,-0.432,0.522,
12,33,-0.432,0.558,
12,34,-0.434,0.6020000000000001,
12,35,-0.4399999999999999,0.6559999999999999,
12,36,-0.4439999999999999,0.6859999999999999,
12,37,-0.4419999999999999,0.722,
12,38,-0.4459999999999999,0.772,
12,39,-0.4499999999999999,0.788,
12,40,-0.4499999999999999,0.8260000000000001,
12,41,-0.448665297741273,0.8562628336755647,
12,42,-0.4507186858316222,0.8685831622176592,
12,43,-0.4548254620123203,0.8963039014373717,miss
12,44,-0.4589322381930184,0.908624229979466,miss
13,0,-0.395277207392197,-0.908624229979466,miss
13,1,-0.3911704312114989,-0.8963039014373717,miss
13,2,-0.3946922642574816,-0.8791643139469226,
13,3,-0.3924336533032185,-0.8610954263128177,
13,4,-0.3924336533032185,-0.8396386222473179,
13,5,-0.392,-0.808,
13,6,-0.39,-0.776,
13,7,-0.392,-0.756,
13,8,-0.392,-0.702,
13,9,-0.394,-0.6739999999999999,
13,10,-0.392,-0.644,
13,11,-0.388,-0.5800000000000001,
13,12,-0.386,-0.544,
13,13,-0.382,-0.506,
13,14,-0.38,-0.4399999999999999,
13,15,-0.384,-0.398,
13,16,-0.384,-0.356,
13,17,-0.388,-0.286,
13,18,-0.386,-0.236,
13,19,-0.39,-0.1939999999999999,
13,20,-0.39,-0.118,
13,21,-0.39,-0.0699999999999999,
13,22,-0.388,-0.028,
13,23,-0.392,0.05,
13,24,-0.39,0.086,
13,25,-0.39,0.1399999999999999,
13,26,-0.394,0.2059999999999999,
13,27,-0.394,0.254,
13,28,-0.392,0.316,
13,29,-0.392,0.3680000000000001,
13,30,-0.396,0.4119999999999999,
13,31,-0.396,0.4619999999999999,
13,32,-0.398,0.522,
13,33,-0.398,0.552,
13,34,-0.4,0.6020000000000001,
13,35,-0.406,0.6519999999999999,
13,36,-0.408,0.6819999999999999,
13,37,-0.41,0.72,
13,38,-0.414,0.766,
13,39,-0.414,0.79,
13,40,-0.418,0.8280000000000001,
13,41,-0.42,0.8560000000000001,
13,42,-0.419917864476386,0.8696098562628336,
13,43,-0.4229979466119097,0.8942505133470227,miss
13,44,-0.4281314168377823,0.908624229979466,miss
14,0,-0.3408624229979465,-0.9075975359342916,miss
14,1,-0.3388090349075975,-0.8921971252566735,miss
14,2,-0.3427442123094297,-0.8746470920383964,
14,3,-0.3427442123094297,-0.859966120835686,
14,4,-0.3416149068322981,-0.8475437605872389,
14,5,-0.344,-0.806,
14,6,-0.344,-0.778,
14,7,-0.3419999999999999,-0.756,
14,8,-0.3419999999999999,-0.698,
14,9,-0.3399999999999999,-0.6719999999999999,
14,10,-0.3379999999999999,-0.642,
14,11,-0.3339999999999999,-0.5780000000000001,
14,12,-0.3339999999999999,-0.546,
14,13,-0.3339999999999999,-0.51,
14,14,-0.3299999999999999,-0.4379999999999999,
14,15,-0.3299999999999999,-0.398,
14,16,-0.3339999999999999,-0.356,
14,17,-0.3339999999999999,-0.284,
14,18,-0.3339999999999999,-0.238,
14,19,-0.3359999999999999,-0.1919999999999999,
14,20,-0.3359999999999999,-0.122,
14,21,-0.3379999999999999,-0.0699999999999999,
14,22,-0.3419999999999999,-0.024,
14,23,-0.3419999999999999,0.044,
14,24,-0.344,0.084,
14,25,-0.346,0.1419999999999999,
14,26,-0.344,0.2059999999999999,
14,27,-0.344,0.258,
14,28,-0.35,0.314,
14,29,-0.35,0.3700000000000001,
14,30,-0.344,0.4099999999999999,
14,31,-0.344,0.4639999999999999,
14,32,-0.346,0.522,
14,33,-0.348,0.558,
14,34,-0.352,0.6040000000000001,
14,35,-0.352,0.6539999999999999,
14,36,-0.356,0.6839999999999999,
14,37,-0.356,0.722,
14,38,-0.356,0.764,
14,39,-0.358,0.794,
14,40,-0.36,0.8340000000000001,
14,41,-0.3634496919917864,0.8542094455852156,
14,42,-0.364476386036961,0.8655030800821355,
14,43,-0.3675564681724845,0.8880903490759753,miss
14,44,-0.3706365503080082,0.904517453798768,miss
15,0,-0.3043478260869565,-0.9085262563523432,miss
15,1,-0.3043478260869565,-0.8994918125352908,miss
15,2,-0.305477131564088,-0.8746470920383964,
15,3,-0.3099943534726144,-0.859966120835686,
15,4,-0.3088650479954827,-0.8486730660643704,
15,5,-0.31,-0.804,
15,6,-0.308,-0.78,
15,7,-0.308,-0.758,
15,8,-0.306,-0.7,
15,9,-0.304,-0.6679999999999999,
15,10,-0.3,-0.638,
15,11,-0.296,-0.5760000000000001,
15,12,-0.296,-0.542,
15,13,-0.3,-0.508,
15,14,-0.296,-0.4419999999999999,
15,15,-0.298,-0.396,
15,16,-0.3,-0.354,
15,17,-0.304,-0.282,
15,18,-0.304,-0.24,
15,19,-0.302,-0.1899999999999999,
15,20,-0.304,-0.118,
15,21,-0.304,-0.0739999999999999,
15,22,-0.308,-0.022,
15,23,-0.308,0.044,
15,24,-0.308,0.086,
15,25,-0.308,0.1479999999999999,
15,26,-0.31,0.2079999999999999,
15,27,-0.308,0.252,
15,28,-0.312,0.312,
15,29,-0.3139999999999999,0.3680000000000001,
15,30,-0.31,0.4159999999999999,
15,31,-0.31,0.4639999999999999,
15,32,-0.312,0.522,
15,33,-0.3139999999999999,0.562,
15,34,-0.3159999999999999,0.6060000000000001,
15,35,-0.3159999999999999,0.6539999999999999,
15,36,-0.3159999999999999,0.6859999999999999,
15,37,-0.3179999999999999,0.726,
15,38,-0.3179999999999999,0.77,
15,39,-0.3199999999999999,0.792,
15,40,-0.3219999999999999,0.8280000000000001,
15,41,-0.3223819301848049,0.8572895277207393,
15,42,-0.3275154004106776,0.8726899383983573,
15,43,-0.3269339356295878,0.8915866741953697,miss
15,44,-0.3291925465838509,0.9085262563523432,miss
16,0,-0.2603049124788255,-0.9085262563523432,miss
16,1,-0.2603049124788255,-0.8972332015810277,miss
16,2,-0.2625635234330886,-0.8769057029926595,
16,3,-0.2648221343873518,-0.8588368153585545,
16,4,-0.2636928289102201,-0.8430265386787126,
16,5,-0.266,-0.81,
16,6,-0.266,-0.782,
16,7,-0.268,-0.758,
16,8,-0.268,-0.706,
16,9,-0.268,-0.6659999999999999,
16,10,-0.268,-0.638,
16,11,-0.266,-0.5740000000000001,
16,12,-0.266,-0.54,
16,13,-0.264,-0.5,
16,14,-0.266,-0.4439999999999999,
16,15,-0.268,-0.396,
16,16,-0.266,-0.358,
16,17,-0.264,-0.282,
16,18,-0.264,-0.238,
16,19,-0.262,-0.1879999999999999,
16,20,-0.264,-0.118,
16,21,-0.264,-0.0759999999999999,
16,22,-0.264,-0.026,
16,23,-0.266,0.044,
16,24,-0.27,0.088,
16,25,-0.27,0.1439999999999999,
16,26,-0.274,0.2099999999999999,
16,27,-0.274,0.254,
16,28,-0.274,0.312,
16,29,-0.272,0.3720000000000001,
16,30,-0.268,0.4179999999999999,
16,31,-0.27,0.4599999999999999,
16,32,-0.274,0.52,
16,33,-0.276,0.562,
16,34,-0.28,0.6080000000000001,
16,35,-0.278,0.6539999999999999,
16,36,-0.28,0.6859999999999999,
16,37,-0.286,0.73,
16,38,-0.29,0.768,
16,39,-0.288,0.792,
16,40,-0.29,0.8300000000000001,
16,41,-0.2874743326488707,0.8542094455852156,
16,42,-0.2905544147843942,0.8685831622176592,
16,43,-0.2919254658385093,0.8961038961038961,miss
16,44,-0.2941840767927725,0.9096555618294748,miss
17,0,-0.2060982495765104,-0.9073969508752118,miss
17,1,-0.2060982495765104,-0.893845285149633,miss
17,2,-0.2106154714850366,-0.8735177865612649,
17,3,-0.2083568605307736,-0.859966120835686,
17,4,-0.2139999999999999,-0.838,
17,5,-0.2159999999999999,-0.802,
17,6,-0.2139999999999999,-0.78,
17,7,-0.2139999999999999,-0.75,
17,8,-0.2119999999999999,-0.702,
17,9,-0.2099999999999999,-0.6699999999999999,
17,10,-0.2139999999999999,-0.634,
17,11,-0.2119999999999999,-0.5700000000000001,
17,12,-0.2139999999999999,-0.54,
17,13,-0.2159999999999999,-0.498,
17,14,-0.2159999999999999,-0.4459999999999999,
17,15,-0.2139999999999999,-0.398,
17,16,-0.2139999999999999,-0.352,
17,17,-0.2159999999999999,-0.282,
17,18,-0.2139999999999999,-0.236,
17,19,-0.2139999999999999,-0.1899999999999999,
17,20,-0.2139999999999999,-0.118,
17,21,-0.2159999999999999,-0.0759999999999999,
17,22,-0.2159999999999999,-0.026,
17,23,-0.2159999999999999,0.048,
17,24,-0.2159999999999999,0.088,
17,25,-0.2139999999999999,0.1439999999999999,
17,26,-0.2139999999999999,0.2119999999999999,
17,27,-0.2139999999999999,0.252,
17,28,-0.2199999999999999,0.314,
17,29,-0.2199999999999999,0.3700000000000001,
17,30,-0.2259999999999999,0.4159999999999999,
17,31,-0.2219999999999999,0.4659999999999999,
17,32,-0.2199999999999999,0.524,
17,33,-0.2199999999999999,0.56,
17,34,-0.2219999999999999,0.6100000000000001,
17,35,-0.2239999999999999,0.6599999999999999,
17,36,-0.2239999999999999,0.6859999999999999,
17,37,-0.2259999999999999,0.726,
17,38,-0.2279999999999999,0.772,
17,39,-0.2299999999999999,0.794,
17,40,-0.2298136645962732,0.8328627893845286,miss
17,41,-0.2339999999999999,0.8560000000000001,
17,42,-0.2351129363449692,0.8696098562628336,
17,43,-0.2343308865047995,0.8949745906267645,miss
17,44,-0.2399774138904573,0.9073969508752118,miss
18,0,-0.1733483907396951,-0.90626764539808,miss
18,1,-0.1710897797854319,-0.8972332015810277,miss
18,2,-0.1744776962168266,-0.8825522303783173,miss
18,3,-0.1756070016939582,-0.8588368153585545,
18,4,-0.1744776962168266,-0.8351214003387917,
18,5,-0.176,-0.804,
18,6,-0.174,-0.782,
18,7,-0.174,-0.748,
18,8,-0.174,-0.7,
18,9,-0.176,-0.6699999999999999,
18,10,-0.178,-0.64,
18,11,-0.18,-0.5760000000000001,
18,12,-0.18,-0.54,
18,13,-0.18,-0.498,
18,14,-0.182,-0.4439999999999999,
18,15,-0.178,-0.396,
18,16,-0.178,-0.354,
18,17,-0.18,-0.284,
18,18,-0.178,-0.2339999999999999,
18,19,-0.182,-0.1899999999999999,
18,20,-0.184,-0.118,
18,21,-0.184,-0.0759999999999999,
18,22,-0.186,-0.024,
18,23,-0.184,0.054,
18,24,-0.18,0.094,
18,25,-0.18,0.1499999999999999,
18,26,-0.178,0.2139999999999999,
18,27,-0.178,0.258,
18,28,-0.174,0.314,
18,29,-0.176,0.3720000000000001,
18,30,-0.176,0.4179999999999999,
18,31,-0.18,0.47,
18,32,-0.178,0.52,
18,33,-0.178,0.558,
18,34,-0.182,0.6120000000000001,
18,35,-0.184,0.6579999999999999,
18,36,-0.186,0.6859999999999999,
18,37,-0.1879999999999999,0.73,
18,38,-0.1899999999999999,0.774,
18,39,-0.1919999999999999,0.792,
18,40,-0.1979999999999999,0.8340000000000001,
18,41,-0.1981519507186858,0.8562628336755647,
18,42,-0.1991786447638603,0.8747433264887063,
18,43,-0.2004517221908526,0.8961038961038961,miss
18,44,-0.2004517221908526,0.9073969508752118,miss
19,0,-0.1180124223602484,-0.9040090344438172,miss
19,1,-0.1180124223602484,-0.893845285149633,miss
19,2,-0.1214003387916431,-0.8802936194240543,
19,3,-0.1180124223602484,-0.8656126482213439,
19,4,-0.1191417278373799,-0.8407679277244495,
19,5,-0.126,-0.808,
19,6,-0.126,-0.774,
19,7,-0.126,-0.748,
19,8,-0.12697220135236664,-0.6994740796393689,
19,9,-0.128,-0.6679999999999999,
19,10,-0.126,-0.638,
19,11,-0.126,-0.5740000000000001,
19,12,-0.126,-0.542,
19,13,-0.13,-0.498,
19,14,-0.13,-0.4419999999999999,
19,15,-0.13148009015777606,-0.3899323816679189,
19,16,-0.13,-0.354,
19,17,-0.132,-0.284,
19,18,-0.134,-0.2319999999999999,
19,19,-0.136,-0.1879999999999999,
19,20,-0.138,-0.12,
19,21,-0.14,-0.0759999999999999,
19,22,-0.14,-0.022,
19,23,-0.142,0.054,
19,24,-0.146,0.096,
19,25,-0.15,0.1539999999999999,
19,26,-0.146,0.2139999999999999,
19,27,-0.148,0.26,
19,28,-0.148,0.316,
19,29,-0.15,0.3720000000000001,
19,30,-0.154,0.4179999999999999,
19,31,-0.152,0.47,
19,32,-0.154,0.524,
19,33,-0.152,0.562,
19,34,-0.154,0.6080000000000001,
19,35,-0.158,0.6579999999999999,
19,36,-0.156,0.69,
19,37,-0.158,0.73,
19,38,-0.16,0.77,
19,39,-0.16,0.79,
19,40,-0.16,0.8320000000000001,
19,41,-0.16,0.8540000000000001,
19,42,-0.1611909650924025,0.8675564681724846,
19,43,-0.1620553359683794,0.8915866741953697,miss
19,44,-0.1597967250141163,0.9051383399209488,miss
20,0,-0.0705815923207228,-0.9051383399209486,miss
20,1,-0.0694522868435911,-0.8949745906267645,miss
20,2,-0.0705815923207228,-0.8712591756070017,
20,3,-0.0717108977978543,-0.859966120835686,
20,4,-0.0717108977978543,-0.841897233201581,
20,5,-0.0739999999999999,-0.802,
20,6,-0.0779999999999999,-0.774,
20,7,-0.0779999999999999,-0.748,
20,8,-0.0779999999999999,-0.702,
20,9,-0.0799999999999999,-0.6679999999999999,
20,10,-0.0779999999999999,-0.638,
20,11,-0.0779999999999999,-0.5720000000000001,
20,12,-0.0779999999999999,-0.544,
20,13,-0.0779999999999999,-0.498,
20,14,-0.0799999999999999,-0.4399999999999999,
20,15,-0.0819999999999999,-0.394,
20,16,-0.0839999999999999,-0.35,
20,17,-0.0819999999999999,-0.28,
20,18,-0.0859999999999999,-0.236,
20,19,-0.0859999999999999,-0.186,
20,20,-0.0859999999999999,-0.118,
20,21,-0.0879999999999999,-0.0739999999999999,
20,22,-0.0879999999999999,-0.024,
20,23,-0.0879999999999999,0.058,
20,24,-0.0879999999999999,0.096,
20,25,-0.0899999999999999,0.1539999999999999,
20,26,-0.0899999999999999,0.2179999999999999,
20,27,-0.0919999999999999,0.26,
20,28,-0.0899999999999999,0.32,
20,29,-0.0899999999999999,0.3740000000000001,
20,30,-0.0879999999999999,0.4179999999999999,
20,31,-0.0899999999999999,0.474,
20,32,-0.0919999999999999,0.528,
20,33,-0.0919999999999999,0.562,
20,34,-0.0919999999999999,0.6100000000000001,
20,35,-0.0939999999999999,0.6659999999999999,
20,36,-0.0939999999999999,0.6859999999999999,
20,37,-0.0959999999999999,0.732,
20,38,-0.0979999999999999,0.778,
20,39,-0.0979999999999999,0.796,
20,40,-0.0965556182947486,0.8306041784302653,
20,41,-0.0965556182947486,0.8509316770186335,
20,42,-0.0988142292490118,0.867871259175607,miss
20,43,-0.0965556182947486,0.8961038961038961,miss
20,44,-0.0976849237718803,0.9107848673066063,miss
21,0,-0.0355731225296442,-0.90626764539808,miss
21,1,-0.0378317334839074,-0.8949745906267645,miss
21,2,-0.0400903444381705,-0.8667419536984754,
21,3,-0.0412196499153021,-0.8543195934500283,
21,4,-0.0412196499153021,-0.8351214003387917,
21,5,-0.044,-0.802,
21,6,-0.046,-0.78,
21,7,-0.046,-0.748,
21,8,-0.046,-0.704,
21,9,-0.046,-0.6679999999999999,
21,10,-0.05,-0.64,
21,11,-0.05,-0.5680000000000001,
21,12,-0.048,-0.542,
21,13,-0.046,-0.498,
21,14,-0.048,-0.4419999999999999,
21,15,-0.05,-0.392,
21,16,-0.052,-0.348,
21,17,-0.052,-0.28,
21,18,-0.054,-0.2339999999999999,
21,19,-0.056,-0.184,
21,20,-0.054,-0.1159999999999999,
21,21,-0.054,-0.0719999999999999,
21,22,-0.052,-0.024,
21,23,-0.056,0.056,
21,24,-0.056,0.096,
21,25,-0.052,0.1539999999999999,
21,26,-0.052,0.2219999999999999,
21,27,-0.054,0.262,
21,28,-0.056,0.322,
21,29,-0.054,0.3759999999999999,
21,30,-0.056,0.4159999999999999,
21,31,-0.058,0.474,
21,32,-0.056,0.53,
21,33,-0.058,0.562,
21,34,-0.058,0.6120000000000001,
21,35,-0.06,0.6599999999999999,
21,36,-0.0639999999999999,0.688,
21,37,-0.0639999999999999,0.73,
21,38,-0.0659999999999999,0.774,
21,39,-0.0659999999999999,0.792,
21,40,-0.0649350649350649,0.8306041784302653,
21,41,-0.0660643704121964,0.8577075098814229,
21,42,-0.0638057594579333,0.8757763975155279,miss
21,43,-0.067193675889328,0.8972332015810276,miss
21,44,-0.067193675889328,0.911914172783738,miss
22,0,0.0197628458498024,-0.9040090344438172,miss
22,1,0.0163749294184076,-0.8927159796725014,
22,2,0.012,-0.876,
22,3,0.01,-0.862,
22,4,0.008,-0.846,
22,5,0.004,-0.802,
22,6,0.0,-0.772,
22,7,0.0,-0.75,
22,8,0.0,-0.7,
22,9,0.0,-0.6679999999999999,
22,10,0.0,-0.642,
22,11,0.0,-0.5700000000000001,
22,12,-0.006,-0.54,
22,13,-0.008,-0.5,
22,14,0.0,-0.436,
22,15,-0.008,-0.392,
22,16,-0.01,-0.35,
22,17,-0.01,-0.282,
22,18,-0.012,-0.238,
22,19,-0.014,-0.182,
22,20,-0.016,-0.118,
22,21,-0.01,-0.0679999999999999,
22,22,-0.01,-0.018,
22,23,-0.01,0.06,
22,24,-0.01,0.1,
22,25,-0.012,0.1579999999999999,
22,26,-0.014,0.2199999999999999,
22,27,-0.012,0.266,
22,28,-0.014,0.326,
22,29,-0.01,0.3759999999999999,
22,30,-0.014,0.4199999999999999,
22,31,-0.018,0.476,
22,32,-0.018,0.528,
22,33,-0.016,0.5680000000000001,
22,34,-0.018,0.6160000000000001,
22,35,-0.016,0.6599999999999999,
22,36,-0.018,0.69,
22,37,-0.022,0.734,
22,38,-0.0236024844720497,0.7763975155279503,
22,39,-0.0242800677583285,0.7933370976849237,
22,40,-0.0254093732354602,0.8306041784302653,
22,41,-0.0287972896668549,0.8577075098814229,
22,42,-0.0287972896668549,0.8746470920383964,miss
22,43,-0.0310559006211179,0.8961038961038961,miss
22,44,-0.0276679841897232,0.9130434782608696,miss
23,0,0.0604178430265387,-0.9085262563523432,miss
23,1,0.0604178430265387,-0.8972332015810277,
23,2,0.0581592320722754,-0.8769057029926595,
23,3,0.0570299265951439,-0.8554488989271598,
23,4,0.0547713156408808,-0.8362507058159232,
23,5,0.052,-0.802,
23,6,0.05,-0.778,
23,7,0.05,-0.75,
23,8,0.05,-0.7,
23,9,0.048,-0.6699999999999999,
23,10,0.052,-0.632,
23,11,0.048,-0.5720000000000001,
23,12,0.044,-0.54,
23,13,0.044,-0.49,
23,14,0.038,-0.4399999999999999,
23,15,0.038,-0.394,
23,16,0.038,-0.354,
23,17,0.034,-0.28,
23,18,0.04,-0.2319999999999999,
23,19,0.04,-0.184,
23,20,0.038,-0.1139999999999999,
23,21,0.038,-0.0679999999999999,
23,22,0.038,-0.012,
23,23,0.04,0.058,
23,24,0.04,0.1,
23,25,0.04,0.1579999999999999,
23,26,0.036,0.2199999999999999,
23,27,0.036,0.27,
23,28,0.038,0.324,
23,29,0.04,0.3819999999999999,
23,30,0.04,0.4199999999999999,
23,31,0.04,0.474,
23,32,0.038,0.528,
23,33,0.04,0.562,
23,34,0.038,0.6140000000000001,
23,35,0.04,0.6619999999999999,
23,36,0.04,0.688,
23,37,0.036,0.732,
23,38,0.036,0.774,
23,39,0.032,0.796,
23,40,0.0333145115753812,0.8328627893845286,
23,41,0.0367024280067758,0.8531902879728968,
23,42,0.0355731225296442,0.8746470920383964,miss
23,43,0.0344438170525127,0.8972332015810276,miss
23,44,0.0344438170525127,0.9107848673066063,miss
24,0,0.0954263128176171,-0.90626764539808,miss
24,1,0.0931677018633541,-0.8927159796725014,
24,2,0.0931677018633541,-0.8701298701298701,
24,3,0.0909090909090908,-0.8520609824957651,
24,4,0.0909090909090908,-0.83399209486166,
24,5,0.09,-0.802,
24,6,0.09,-0.774,
24,7,0.088,-0.748,
24,8,0.084,-0.698,
24,9,0.084,-0.6699999999999999,
24,10,0.084,-0.632,
24,11,0.084,-0.5700000000000001,
24,12,0.082,-0.544,
24,13,0.078,-0.492,
24,14,0.08,-0.4379999999999999,
24,15,0.08,-0.392,
24,16,0.078,-0.35,
24,17,0.076,-0.278,
24,18,0.074,-0.2279999999999999,
24,19,0.076,-0.182,
24,20,0.076,-0.1079999999999999,
24,21,0.076,-0.0659999999999999,
24,22,0.078,-0.01,
24,23,0.074,0.06,
24,24,0.074,0.1,
24,25,0.072,0.1579999999999999,
24,26,0.072,0.2219999999999999,
24,27,0.072,0.266,
24,28,0.072,0.328,
24,29,0.072,0.3859999999999999,
24,30,0.074,0.4219999999999999,
24,31,0.08,0.474,
24,32,0.076,0.53,
24,33,0.074,0.5680000000000001,
24,34,0.076,0.6200000000000001,
24,35,0.072,0.6679999999999999,
24,36,0.072,0.692,
24,37,0.074,0.736,
24,38,0.076,0.772,
24,39,0.076,0.796,
24,40,0.0762281197063805,0.8328627893845286,
24,41,0.0762281197063805,0.852060982495765,
24,42,0.0728402032749859,0.8735177865612649,miss
24,43,0.0717108977978542,0.8983625070581593,miss
24,44,0.0717108977978542,0.9107848673066063,miss
25,0,0.1473743647656691,-0.9040090344438172,miss
25,1,0.1439864483342743,-0.8927159796725014,
25,2,0.1417278373800112,-0.867871259175607,
25,3,0.1417278373800112,-0.8520609824957651,
25,4,0.1405985319028797,-0.8385093167701864,
25,5,0.1379999999999999,-0.796,
25,6,0.1379999999999999,-0.776,
25,7,0.1339999999999999,-0.75,
25,8,0.1339999999999999,-0.694,
25,9,0.1339999999999999,-0.6619999999999999,
25,10,0.1359999999999999,-0.638,
25,11,0.1299999999999999,-0.5700000000000001,
25,12,0.1279999999999999,-0.542,
25,13,0.1279999999999999,-0.494,
25,14,0.1240000000000001,-0.436,
25,15,0.1220000000000001,-0.392,
25,16,0.1200000000000001,-0.346,
25,17,0.1200000000000001,-0.274,
25,18,0.1180000000000001,-0.2259999999999999,
25,19,0.1180000000000001,-0.174,
25,20,0.1160000000000001,-0.1079999999999999,
25,21,0.1160000000000001,-0.0639999999999999,
25,22,0.1200000000000001,-0.002,
25,23,0.1200000000000001,0.06,
25,24,0.1200000000000001,0.102,
25,25,0.1180000000000001,0.1599999999999999,
25,26,0.1180000000000001,0.2239999999999999,
25,27,0.1180000000000001,0.266,
25,28,0.1120000000000001,0.326,
25,29,0.1120000000000001,0.3859999999999999,
25,30,0.1100000000000001,0.4239999999999999,
25,31,0.1080000000000001,0.48,
25,32,0.1100000000000001,0.526,
25,33,0.1120000000000001,0.5680000000000001,
25,34,0.1100000000000001,0.6220000000000001,
25,35,0.1100000000000001,0.6679999999999999,
25,36,0.1100000000000001,0.6839999999999999,
25,37,0.1060000000000001,0.74,
25,38,0.1080000000000001,0.774,
25,39,0.1080000000000001,0.796,
25,40,0.1123658949745907,0.8339920948616601,
25,41,0.1067193675889328,0.8531902879728968,
25,42,0.1078486730660643,0.8757763975155279,miss
25,43,0.103331451157538,0.9006211180124224,miss
25,44,0.103331451157538,0.9130434782608696,miss
26,0,0.1902879728966686,-0.90626764539808,miss
26,1,0.1880293619424053,-0.8949745906267645,
26,2,0.1891586674195369,-0.8746470920383964,
26,3,0.1891586674195369,-0.8520609824957651,
26,4,0.1880293619424053,-0.83399209486166,
26,5,0.1819999999999999,-0.794,
26,6,0.1799999999999999,-0.776,
26,7,0.1799999999999999,-0.748,
26,8,0.1779999999999999,-0.694,
26,9,0.1759999999999999,-0.6639999999999999,
26,10,0.1759999999999999,-0.634,
26,11,0.1679999999999999,-0.5700000000000001,
26,12,0.1719999999999999,-0.54,
26,13,0.1679999999999999,-0.494,
26,14,0.1679999999999999,-0.4379999999999999,
26,15,0.1659999999999999,-0.39,
26,16,0.1639999999999999,-0.3399999999999999,
26,17,0.1659999999999999,-0.274,
26,18,0.1659999999999999,-0.2239999999999999,
26,19,0.1639999999999999,-0.174,
26,20,0.1659999999999999,-0.1079999999999999,
26,21,0.1679999999999999,-0.0639999999999999,
26,22,0.1639999999999999,0.0,
26,23,0.1679999999999999,0.06,
26,24,0.1639999999999999,0.102,
26,25,0.1659999999999999,0.1639999999999999,
26,26,0.1639999999999999,0.2219999999999999,
26,27,0.1639999999999999,0.264,
26,28,0.1619999999999999,0.328,
26,29,0.1619999999999999,0.3859999999999999,
26,30,0.1599999999999999,0.4239999999999999,
26,31,0.1579999999999999,0.478,
26,32,0.1539999999999999,0.534,
26,33,0.1539999999999999,0.5720000000000001,
26,34,0.1579999999999999,0.6279999999999999,
26,35,0.1639999999999999,0.6639999999999999,
26,36,0.1699999999999999,0.692,
26,37,0.1659999999999999,0.74,
26,38,0.1659999999999999,0.774,
26,39,0.1659999999999999,0.796,
26,40,0.1639999999999999,0.8360000000000001,
26,41,0.1654432523997742,0.8565782044042913,
26,42,0.1643139469226426,0.867871259175607,
26,43,0.1609260304912478,0.8994918125352909,miss
26,44,0.1609260304912478,0.911914172783738,miss
27,0,0.225296442687747,-0.9051383399209486,miss
27,1,0.2264257481648786,-0.893845285149633,
27,2,0.2264257481648786,-0.8690005646527386,
27,3,0.225296442687747,-0.8554488989271598,
27,4,0.2207792207792207,-0.83399209486166,
27,5,0.2139999999999999,-0.802,
27,6,0.2159999999999999,-0.776,
27,7,0.2159999999999999,-0.748,
27,8,0.2119999999999999,-0.698,
27,9,0.2099999999999999,-0.6599999999999999,
27,10,0.2079999999999999,-0.634,
27,11,0.2039999999999999,-0.5760000000000001,
27,12,0.2019999999999999,-0.542,
27,13,0.2039999999999999,-0.494,
27,14,0.2019999999999999,-0.432,
27,15,0.2039999999999999,-0.388,
27,16,0.2039999999999999,-0.3339999999999999,
27,17,0.2059999999999999,-0.272,
27,18,0.2059999999999999,-0.2239999999999999,
27,19,0.2079999999999999,-0.168,
27,20,0.2059999999999999,-0.1079999999999999,
27,21,0.2039999999999999,-0.0639999999999999,
27,22,0.2039999999999999,0.0,
27,23,0.2039999999999999,0.064,
27,24,0.2019999999999999,0.1,
27,25,0.2019999999999999,0.1619999999999999,
27,26,0.2019999999999999,0.2239999999999999,
27,27,0.1999999999999999,0.264,
27,28,0.1999999999999999,0.328,
27,29,0.1999999999999999,0.3839999999999999,
27,30,0.1999999999999999,0.4279999999999999,
27,31,0.1999999999999999,0.48,
27,32,0.1999999999999999,0.532,
27,33,0.1999999999999999,0.5680000000000001,
27,34,0.1919999999999999,0.6279999999999999,
27,35,0.1919999999999999,0.6659999999999999,
27,36,0.1959999999999999,0.694,
27,37,0.2039999999999999,0.738,
27,38,0.2039999999999999,0.77,
27,39,0.2019999999999999,0.796,
27,40,0.2019999999999999,0.8420000000000001,
27,41,0.1999999999999999,0.8600000000000001,
27,42,0.200205338809035,0.8726899383983573,
27,43,0.2004517221908526,0.8961038961038961,miss
27,44,0.199322416713721,0.9085262563523432,miss
28,0,0.2704686617730096,-0.9040090344438172,miss
28,1,0.2715979672501412,-0.8915866741953699,
28,2,0.2693393562958781,-0.8690005646527386,miss
28,3,0.2670807453416148,-0.8565782044042913,miss
28,4,0.2659514398644833,-0.8385093167701864,
28,5,0.26,-0.796,
28,6,0.26,-0.774,
28,7,0.258,-0.748,
28,8,0.254,-0.692,
28,9,0.252,-0.6639999999999999,
28,10,0.248,-0.628,
28,11,0.246,-0.5720000000000001,
28,12,0.244,-0.544,
28,13,0.244,-0.488,
28,14,0.246,-0.432,
28,15,0.248,-0.388,
28,16,0.246,-0.3359999999999999,
28,17,0.244,-0.272,
28,18,0.242,-0.2219999999999999,
28,19,0.244,-0.168,
28,20,0.242,-0.1079999999999999,
28,21,0.238,-0.06,
28,22,0.24,0.0,
28,23,0.24,0.066,
28,24,0.244,0.102,
28,25,0.246,0.1639999999999999,
28,26,0.242,0.2239999999999999,
28,27,0.24,0.268,
28,28,0.242,0.33,
28,29,0.242,0.3839999999999999,
28,30,0.24,0.4259999999999999,
28,31,0.24,0.482,
28,32,0.236,0.532,
28,33,0.238,0.5680000000000001,
28,34,0.238,0.6200000000000001,
28,35,0.2339999999999999,0.6639999999999999,
28,36,0.2299999999999999,0.696,
28,37,0.2339999999999999,0.74,
28,38,0.2299999999999999,0.772,
28,39,0.2299999999999999,0.796,
28,40,0.2319999999999999,0.8380000000000001,
28,41,0.2339999999999999,0.8600000000000001,
28,42,0.2351129363449691,0.8747433264887063,
28,43,0.2320722755505364,0.8972332015810276,miss
28,44,0.2320722755505364,0.911914172783738,miss
29,0,0.3167701863354037,-0.90626764539808,miss
29,1,0.3201581027667983,-0.893845285149633,miss
29,2,0.3190287972896668,-0.8757763975155279,miss
29,3,0.3145115753811405,-0.8565782044042913,miss
29,4,0.3167701863354037,-0.8351214003387917,
29,5,0.314,-0.798,
29,6,0.31,-0.768,
29,7,0.306,-0.744,
29,8,0.306,-0.6839999999999999,
29,9,0.306,-0.6659999999999999,
29,10,0.3,-0.632,
29,11,0.298,-0.5720000000000001,
29,12,0.3,-0.54,
29,13,0.298,-0.488,
29,14,0.296,-0.43,
29,15,0.294,-0.386,
29,16,0.292,-0.3359999999999999,
29,17,0.292,-0.268,
29,18,0.294,-0.2239999999999999,
29,19,0.292,-0.164,
29,20,0.292,-0.1059999999999999,
29,21,0.292,-0.06,
29,22,0.29,0.0,
29,23,0.29,0.066,
29,24,0.284,0.104,
29,25,0.284,0.1619999999999999,
29,26,0.286,0.2239999999999999,
29,27,0.288,0.268,
29,28,0.286,0.328,
29,29,0.29,0.3879999999999999,
29,30,0.29,0.4219999999999999,
29,31,0.284,0.482,
29,32,0.286,0.536,
29,33,0.288,0.5720000000000001,
29,34,0.296,0.6259999999999999,
29,35,0.296,0.6619999999999999,
29,36,0.296,0.696,
29,37,0.292,0.738,
29,38,0.294,0.78,
29,39,0.294,0.794,
29,40,0.2944099378881988,0.8347826086956522,
29,41,0.2964426877470356,0.852060982495765,
29,42,0.2967145790554415,0.8696098562628336,
29,43,0.2975719932241671,0.8972332015810276,miss
29,44,0.2998306041784302,0.9107848673066063,miss
30,0,0.3483907396950876,-0.9040090344438172,miss
30,1,0.3515527950310559,-0.8944099378881988,miss
30,2,0.3495200451722191,-0.8769057029926595,
30,3,0.3461321287408243,-0.8565782044042913,
30,4,0.3461321287408243,-0.83399209486166,
30,5,0.3420000000000001,-0.796,
30,6,0.3400000000000001,-0.774,
30,7,0.3380000000000001,-0.748,
30,8,0.3340000000000001,-0.692,
30,9,0.3340000000000001,-0.656,
30,10,0.3320000000000001,-0.632,
30,11,0.33,-0.5720000000000001,
30,12,0.3320000000000001,-0.534,
30,13,0.326,-0.488,
30,14,0.324,-0.43,
30,15,0.324,-0.384,
30,16,0.324,-0.3319999999999999,
30,17,0.322,-0.266,
30,18,0.322,-0.2259999999999999,
30,19,0.322,-0.16,
30,20,0.324,-0.1039999999999999,
30,21,0.322,-0.058,
30,22,0.326,0.0,
30,23,0.322,0.064,
30,24,0.32,0.104,
30,25,0.32,0.1639999999999999,
30,26,0.322,0.2259999999999999,
30,27,0.322,0.274,
30,28,0.322,0.3320000000000001,
30,29,0.322,0.3899999999999999,
30,30,0.322,0.4199999999999999,
30,31,0.318,0.48,
30,32,0.316,0.536,
30,33,0.318,0.5760000000000001,
30,34,0.322,0.6319999999999999,
30,35,0.324,0.6719999999999999,
30,36,0.326,0.692,
30,37,0.328,0.74,
30,38,0.3320000000000001,0.774,
30,39,0.33,0.794,
30,40,0.3304347826086957,0.8372670807453415,
30,41,0.329192546583851,0.8608695652173912,
30,42,0.332919254658385,0.8795031055900622,
30,43,0.3316770186335402,0.8981366459627329,miss
30,44,0.332919254658385,0.9142857142857144,miss
31,0,0.4049689440993789,-0.906832298136646,miss
31,1,0.4012422360248446,-0.8944099378881988,miss
31,2,0.3999999999999999,-0.8683229813664597,miss
31,3,0.4003387916431395,-0.8554488989271598,
31,4,0.3969508752117447,-0.83399209486166,
31,5,0.3919999999999999,-0.802,
31,6,0.3899999999999999,-0.772,
31,7,0.3859999999999999,-0.74,
31,8,0.3839999999999999,-0.688,
31,9,0.3799999999999999,-0.6599999999999999,
31,10,0.3839999999999999,-0.632,
31,11,0.3779999999999999,-0.5680000000000001,
31,12,0.3779999999999999,-0.536,
31,13,0.3740000000000001,-0.488,
31,14,0.3740000000000001,-0.428,
31,15,0.3720000000000001,-0.384,
31,16,0.3720000000000001,-0.3319999999999999,
31,17,0.3680000000000001,-0.266,
31,18,0.3660000000000001,-0.2239999999999999,
31,19,0.3640000000000001,-0.16,
31,20,0.3620000000000001,-0.1019999999999999,
31,21,0.3680000000000001,-0.058,
31,22,0.3700000000000001,0.0,
31,23,0.3680000000000001,0.062,
31,24,0.3640000000000001,0.104,
31,25,0.3640000000000001,0.1679999999999999,
31,26,0.3640000000000001,0.2279999999999999,
31,27,0.3640000000000001,0.274,
31,28,0.3620000000000001,0.3360000000000001,
31,29,0.3620000000000001,0.3899999999999999,
31,30,0.3580000000000001,0.4199999999999999,
31,31,0.3600000000000001,0.482,
31,32,0.3620000000000001,0.54,
31,33,0.3600000000000001,0.5680000000000001,
31,34,0.3620000000000001,0.6319999999999999,
31,35,0.3640000000000001,0.6719999999999999,
31,36,0.3600000000000001,0.7,
31,37,0.3600000000000001,0.74,
31,38,0.3620000000000001,0.774,
31,39,0.3620000000000001,0.796,
31,40,0.3664596273291924,0.8372670807453415,
31,41,0.3696098562628336,0.8572895277207393,
31,42,0.3716632443531826,0.87782340862423,
31,43,0.3714285714285714,0.9018633540372673,miss
31,44,0.3726708074534162,0.9142857142857144,miss
32,0,0.4434782608695653,-0.9055900621118012,miss
32,1,0.4422360248447206,-0.893167701863354,miss
32,2,0.4385093167701863,-0.8695652173913043,miss
32,3,0.437605872388481,-0.8509316770186335,
32,4,0.4342179559570864,-0.831733483907397,
32,5,0.4299999999999999,-0.802,
32,6,0.4259999999999999,-0.776,
32,7,0.4219999999999999,-0.736,
32,8,0.4219999999999999,-0.69,
32,9,0.4199999999999999,-0.6619999999999999,
32,10,0.4179999999999999,-0.624,
32,11,0.4179999999999999,-0.5660000000000001,
32,12,0.4179999999999999,-0.534,
32,13,0.4159999999999999,-0.488,
32,14,0.4139999999999999,-0.424,
32,15,0.4119999999999999,-0.382,
32,16,0.4119999999999999,-0.3319999999999999,
32,17,0.4079999999999999,-0.266,
32,18,0.4099999999999999,-0.2239999999999999,
32,19,0.4099999999999999,-0.162,
32,20,0.4059999999999999,-0.0999999999999999,
32,21,0.4079999999999999,-0.058,
32,22,0.4079999999999999,0.01,
32,23,0.4099999999999999,0.064,
32,24,0.4099999999999999,0.102,
32,25,0.4079999999999999,0.1679999999999999,
32,26,0.4079999999999999,0.2279999999999999,
32,27,0.4059999999999999,0.274,
32,28,0.4039999999999999,0.3380000000000001,
32,29,0.4039999999999999,0.3879999999999999,
32,30,0.4019999999999999,0.4199999999999999,
32,31,0.4059999999999999,0.482,
32,32,0.4099999999999999,0.54,
32,33,0.4099999999999999,0.5700000000000001,
32,34,0.4119999999999999,0.6259999999999999,
32,35,0.4099999999999999,0.6679999999999999,
32,36,0.4099999999999999,0.7,
32,37,0.4119999999999999,0.738,
32,38,0.4119999999999999,0.774,
32,39,0.4119999999999999,0.8,
32,40,0.4161490683229814,0.8385093167701863,
32,41,0.4178644763860368,0.8552361396303902,
32,42,0.4199178644763861,0.8716632443531827,
32,43,0.4211180124223603,0.8968944099378882,miss
32,44,0.4211180124223603,0.9142857142857144,miss
33,0,0.4732919254658385,-0.9043478260869564,miss
33,1,0.4732919254658385,-0.8919254658385093,miss
33,2,0.4745341614906833,-0.8708074534161491,miss
33,3,0.4714850367024279,-0.8543195934500283,
33,4,0.4714850367024279,-0.8373800112930547,
33,5,0.4639999999999999,-0.796,
33,6,0.4619999999999999,-0.78,
33,7,0.4599999999999999,-0.738,
33,8,0.4539999999999999,-0.6839999999999999,
33,9,0.4559999999999999,-0.6619999999999999,
33,10,0.4519999999999999,-0.624,
33,11,0.4539999999999999,-0.5700000000000001,
33,12,0.4559999999999999,-0.532,
33,13,0.4519999999999999,-0.49,
33,14,0.4479999999999999,-0.424,
33,15,0.4459999999999999,-0.384,
33,16,0.4459999999999999,-0.3279999999999999,
33,17,0.4439999999999999,-0.264,
33,18,0.4439999999999999,-0.2199999999999999,
33,19,0.4419999999999999,-0.162,
33,20,0.4419999999999999,-0.0979999999999999,
33,21,0.4419999999999999,-0.056,
33,22,0.4419999999999999,0.01,
33,23,0.4419999999999999,0.062,
33,24,0.4439999999999999,0.1080000000000001,
33,25,0.4419999999999999,0.1699999999999999,
33,26,0.4399999999999999,0.2299999999999999,
33,27,0.4399999999999999,0.274,
33,28,0.4399999999999999,0.3360000000000001,
33,29,0.4379999999999999,0.3899999999999999,
33,30,0.4379999999999999,0.4279999999999999,
33,31,0.4399999999999999,0.488,
33,32,0.4399999999999999,0.532,
33,33,0.4459999999999999,0.5760000000000001,
33,34,0.4479999999999999,0.6279999999999999,
33,35,0.4439999999999999,0.6659999999999999,
33,36,0.4439999999999999,0.7,
33,37,0.4459999999999999,0.744,
33,38,0.4459999999999999,0.776,
33,39,0.4508196721311475,0.8005464480874316,
33,40,0.4509316770186335,0.8347826086956522,
33,41,0.4517453798767967,0.8562628336755647,
33,42,0.4548254620123204,0.8747433264887063,
33,43,0.453416149068323,0.8968944099378882,miss
33,44,0.4559006211180123,0.9130434782608696,miss
34,0,0.5180124223602485,-0.9018633540372673,miss
34,1,0.515527950310559,-0.8869565217391304,miss
34,2,0.5121400338791644,-0.8690005646527386,
34,3,0.5121400338791644,-0.8520609824957651,
34,4,0.5076228119706381,-0.8328627893845285,
34,5,0.506,-0.798,
34,6,0.506,-0.776,
34,7,0.502,-0.74,
34,8,0.496,-0.6859999999999999,
34,9,0.496,-0.6619999999999999,
34,10,0.498,-0.62,
34,11,0.494,-0.558,
34,12,0.49,-0.534,
34,13,0.488,-0.49,
34,14,0.488,-0.426,
34,15,0.486,-0.382,
34,16,0.482,-0.3259999999999999,
34,17,0.482,-0.266,
34,18,0.482,-0.2219999999999999,
34,19,0.48,-0.162,
34,20,0.482,-0.0999999999999999,
34,21,0.48,-0.056,
34,22,0.478,0.012,
34,23,0.478,0.068,
34,24,0.482,0.1120000000000001,
34,25,0.482,0.1699999999999999,
34,26,0.478,0.2259999999999999,
34,27,0.476,0.274,
34,28,0.476,0.3380000000000001,
34,29,0.476,0.3899999999999999,
34,30,0.476,0.4279999999999999,
34,31,0.474,0.49,
34,32,0.472,0.538,
34,33,0.474,0.5740000000000001,
34,34,0.476,0.6299999999999999,
34,35,0.476,0.6679999999999999,
34,36,0.476,0.7,
34,37,0.48,0.74,
34,38,0.48,0.774,
34,39,0.484,0.8,
34,40,0.4857142857142857,0.8372670807453415,
34,41,0.4856262833675564,0.8521560574948666,
34,42,0.4857142857142857,0.8770186335403727,miss
34,43,0.4832298136645963,0.8968944099378882,miss
34,44,0.4894409937888198,0.9130434782608696,miss
35,0,0.5552795031055902,-0.9043478260869564,miss
35,1,0.5527950310559007,-0.8919254658385093,miss
35,2,0.5515527950310559,-0.8645962732919255,miss
35,3,0.5490683229813664,-0.8509316770186335,miss
35,4,0.5478260869565217,-0.8298136645962733,miss
35,5,0.542,-0.794,
35,6,0.542,-0.764,
35,7,0.542,-0.738,
35,8,0.538,-0.6859999999999999,
35,9,0.54,-0.656,
35,10,0.538,-0.618,
35,11,0.534,-0.5660000000000001,
35,12,0.536,-0.538,
35,13,0.532,-0.486,
35,14,0.53,-0.424,
35,15,0.528,-0.38,
35,16,0.528,-0.3299999999999999,
35,17,0.528,-0.262,
35,18,0.526,-0.2199999999999999,
35,19,0.528,-0.16,
35,20,0.528,-0.0999999999999999,
35,21,0.526,-0.056,
35,22,0.524,0.01,
35,23,0.522,0.07,
35,24,0.52,0.1120000000000001,
35,25,0.52,0.1699999999999999,
35,26,0.522,0.2219999999999999,
35,27,0.52,0.27,
35,28,0.52,0.3340000000000001,
35,29,0.52,0.3879999999999999,
35,30,0.522,0.4299999999999999,
35,31,0.52,0.49,
35,32,0.52,0.538,
35,33,0.518,0.5760000000000001,
35,34,0.522,0.6319999999999999,
35,35,0.522,0.6659999999999999,
35,36,0.528,0.7,
35,37,0.53,0.744,
35,38,0.53,0.774,
35,39,0.532,0.8,
35,40,0.5356874530428248,0.8317054845980465,
35,41,0.5366459627329192,0.858385093167702,
35,42,0.537888198757764,0.8745341614906832,miss
35,43,0.537888198757764,0.8981366459627329,miss
35,44,0.5403726708074534,0.9130434782608696,miss
36,0,0.5826086956521739,-0.9018633540372673,miss
36,1,0.5826086956521739,-0.8894409937888199,miss
36,2,0.5788819875776396,-0.8645962732919255,miss
36,3,0.5753811405985318,-0.8464144551101073,
36,4,0.5753811405985318,-0.8294748729531338,
36,5,0.5680000000000001,-0.792,
36,6,0.5700000000000001,-0.768,
36,7,0.5660000000000001,-0.736,
36,8,0.5640000000000001,-0.6859999999999999,
36,9,0.5640000000000001,-0.656,
36,10,0.562,-0.614,
36,11,0.562,-0.5640000000000001,
36,12,0.56,-0.534,
36,13,0.56,-0.488,
36,14,0.56,-0.422,
36,15,0.56,-0.38,
36,16,0.558,-0.3219999999999999,
36,17,0.56,-0.264,
36,18,0.556,-0.2159999999999999,
36,19,0.556,-0.164,
36,20,0.554,-0.0979999999999999,
36,21,0.554,-0.06,
36,22,0.552,0.01,
36,23,0.55,0.072,
36,24,0.55,0.1120000000000001,
36,25,0.548,0.1719999999999999,
36,26,0.55,0.2239999999999999,
36,27,0.546,0.268,
36,28,0.546,0.3380000000000001,
36,29,0.548,0.3879999999999999,
36,30,0.548,0.4299999999999999,
36,31,0.546,0.49,
36,32,0.548,0.538,
36,33,0.552,0.5760000000000001,
36,34,0.552,0.6319999999999999,
36,35,0.552,0.6719999999999999,
36,36,0.554,0.702,
36,37,0.556,0.744,
36,38,0.556,0.772,
36,39,0.56,0.8,
36,40,0.5642374154770848,0.8332081141998497,
36,41,0.5616016427104722,0.8552361396303902,
36,42,0.5652173913043479,0.8732919254658384,miss
36,43,0.5627329192546584,0.8981366459627329,miss
36,44,0.5677018633540372,0.9155279503105592,miss
37,0,0.6285714285714286,-0.9031055900621118,miss
37,1,0.6260869565217391,-0.8881987577639752,miss
37,2,0.6248447204968943,-0.862111801242236,miss
37,3,0.6198757763975156,-0.8459627329192547,miss
37,4,0.6173913043478261,-0.8248447204968944,miss
37,5,0.6180000000000001,-0.792,
37,6,0.6140000000000001,-0.766,
37,7,0.6100000000000001,-0.73,
37,8,0.6100000000000001,-0.6859999999999999,
37,9,0.6080000000000001,-0.654,
37,10,0.6040000000000001,-0.614,
37,11,0.6020000000000001,-0.56,
37,12,0.6020000000000001,-0.532,
37,13,0.6020000000000001,-0.484,
37,14,0.6020000000000001,-0.42,
37,15,0.6020000000000001,-0.376,
37,16,0.6020000000000001,-0.3219999999999999,
37,17,0.6020000000000001,-0.264,
37,18,0.6020000000000001,-0.2159999999999999,
37,19,0.6000000000000001,-0.158,
37,20,0.5960000000000001,-0.0919999999999999,
37,21,0.6000000000000001,-0.0639999999999999,
37,22,0.5960000000000001,0.01,
37,23,0.5920000000000001,0.072,
37,24,0.5920000000000001,0.1100000000000001,
37,25,0.5920000000000001,0.1739999999999999,
37,26,0.5940000000000001,0.2259999999999999,
37,27,0.5940000000000001,0.27,
37,28,0.5900000000000001,0.3360000000000001,
37,29,0.5920000000000001,0.3879999999999999,
37,30,0.5900000000000001,0.4299999999999999,
37,31,0.5880000000000001,0.492,
37,32,0.5900000000000001,0.538,
37,33,0.5920000000000001,0.5800000000000001,
37,34,0.5900000000000001,0.6279999999999999,
37,35,0.5900000000000001,0.6679999999999999,
37,36,0.5920000000000001,0.702,
37,37,0.5900000000000001,0.744,
37,38,0.5940000000000001,0.778,
37,39,0.5960000000000001,0.798,
37,40,0.6018031555221637,0.834710743801653,
37,41,0.6006160164271048,0.8562628336755647,
37,42,0.6012422360248446,0.8770186335403727,miss
37,43,0.6012422360248446,0.9018633540372673,miss
37,44,0.6012422360248446,0.9142857142857144,miss
38,0,0.653416149068323,-0.9031055900621118,miss
38,1,0.6521739130434783,-0.8906832298136647,miss
38,2,0.6510446075663467,-0.8701298701298701,
38,3,0.6479999999999999,-0.856,
38,4,0.6479999999999999,-0.832,
38,5,0.6459999999999999,-0.79,
38,6,0.6439999999999999,-0.77,
38,7,0.6439999999999999,-0.728,
38,8,0.6379999999999999,-0.6839999999999999,
38,9,0.6379999999999999,-0.6579999999999999,
38,10,0.6339999999999999,-0.616,
38,11,0.6319999999999999,-0.56,
38,12,0.6339999999999999,-0.53,
38,13,0.6319999999999999,-0.478,
38,14,0.6319999999999999,-0.418,
38,15,0.6299999999999999,-0.376,
38,16,0.6299999999999999,-0.3199999999999999,
38,17,0.6279999999999999,-0.264,
38,18,0.6259999999999999,-0.2179999999999999,
38,19,0.6240000000000001,-0.158,
38,20,0.6240000000000001,-0.0979999999999999,
38,21,0.6259999999999999,-0.056,
38,22,0.6240000000000001,0.01,
38,23,0.6279999999999999,0.072,
38,24,0.6259999999999999,0.1100000000000001,
38,25,0.6240000000000001,0.1739999999999999,
38,26,0.6259999999999999,0.2219999999999999,
38,27,0.6259999999999999,0.268,
38,28,0.6259999999999999,0.3380000000000001,
38,29,0.6259999999999999,0.3839999999999999,
38,30,0.6279999999999999,0.4339999999999999,
38,31,0.6319999999999999,0.494,
38,32,0.6319999999999999,0.542,
38,33,0.6299999999999999,0.5780000000000001,
38,34,0.6279999999999999,0.6299999999999999,
38,35,0.6279999999999999,0.6659999999999999,
38,36,0.6319999999999999,0.702,
38,37,0.6319999999999999,0.744,
38,38,0.6325136612021858,0.7745901639344261,
38,39,0.6359999999999999,0.802,
38,40,0.6378662659654395,0.836213373403456,
38,41,0.6406570841889117,0.853182751540041,
38,42,0.6427104722792607,0.8767967145790554,
38,43,0.639751552795031,0.8981366459627329,miss
38,44,0.6434782608695653,0.9130434782608696,miss
39,0,0.6807453416149067,-0.9031055900621118,miss
39,1,0.6782608695652175,-0.8919254658385093,miss
39,2,0.6804065499717673,-0.8656126482213439,
39,3,0.6759999999999999,-0.852,
39,4,0.6779999999999999,-0.8280000000000001,
39,5,0.6739999999999999,-0.788,
39,6,0.6699999999999999,-0.766,
39,7,0.6719999999999999,-0.732,
39,8,0.6659999999999999,-0.6859999999999999,
39,9,0.6659999999999999,-0.656,
39,10,0.6659999999999999,-0.616,
39,11,0.6639999999999999,-0.554,
39,12,0.6599999999999999,-0.526,
39,13,0.6579999999999999,-0.476,
39,14,0.6619999999999999,-0.418,
39,15,0.6579999999999999,-0.376,
39,16,0.6599999999999999,-0.3179999999999999,
39,17,0.6559999999999999,-0.26,
39,18,0.6579999999999999,-0.2179999999999999,
39,19,0.6559999999999999,-0.158,
39,20,0.6559999999999999,-0.0979999999999999,
39,21,0.6519999999999999,-0.054,
39,22,0.6539999999999999,0.012,
39,23,0.6539999999999999,0.078,
39,24,0.6559999999999999,0.1140000000000001,
39,25,0.6539999999999999,0.1739999999999999,
39,26,0.6559999999999999,0.2259999999999999,
39,27,0.6599999999999999,0.272,
39,28,0.6579999999999999,0.3400000000000001,
39,29,0.6579999999999999,0.3859999999999999,
39,30,0.6579999999999999,0.4299999999999999,
39,31,0.6579999999999999,0.5,
39,32,0.6559999999999999,0.54,
39,33,0.6559999999999999,0.5720000000000001,
39,34,0.6599999999999999,0.6339999999999999,
39,35,0.6559999999999999,0.6679999999999999,
39,36,0.6579999999999999,0.702,
39,37,0.6579999999999999,0.744,
39,38,0.6599999999999999,0.774,
39,39,0.6639999999999999,0.8,
39,40,0.6664162283996995,0.8332081141998497,
39,41,0.6663244353182751,0.853182751540041,
39,42,0.6683229813664597,0.8757763975155279,miss
39,43,0.6695652173913043,0.903105590062112,miss
39,44,0.6745341614906832,0.9142857142857144,miss
40,0,0.7167701863354037,-0.9006211180124224,miss
40,1,0.7142857142857142,-0.8881987577639752,miss
40,2,0.7167701863354037,-0.8645962732919255,miss
40,3,0.7142857142857142,-0.8484472049689441,
40,4,0.7167701863354037,-0.831055900621118,miss
40,5,0.708,-0.788,
40,6,0.7097526831544563,-0.7685487634157723,
40,7,0.702,-0.728,
40,8,0.702,-0.6819999999999999,
40,9,0.7,-0.656,
40,10,0.7,-0.622,
40,11,0.698,-0.556,
40,12,0.696,-0.526,
40,13,0.696,-0.478,
40,14,0.698,-0.42,
40,15,0.694,-0.374,
40,16,0.696,-0.3179999999999999,
40,17,0.694,-0.26,
40,18,0.694,-0.2199999999999999,
40,19,0.692,-0.154,
40,20,0.69,-0.0999999999999999,
40,21,0.688,-0.05,
40,22,0.6928289102202145,0.0197628458498024,
40,23,0.69,0.08,
40,24,0.69,0.1140000000000001,
40,25,0.69,0.1799999999999999,
40,26,0.69,0.2299999999999999,
40,27,0.69,0.27,
40,28,0.692,0.3380000000000001,
40,29,0.69,0.3879999999999999,
40,30,0.69,0.4339999999999999,
40,31,0.688,0.492,
40,32,0.69,0.536,
40,33,0.692,0.5760000000000001,
40,34,0.69,0.6319999999999999,
40,35,0.688,0.6659999999999999,
40,36,0.688,0.698,
40,37,0.688,0.746,
40,38,0.692,0.778,
40,39,0.692,0.8,
40,40,0.6939890710382515,0.8374316939890711,
40,41,0.6967213114754098,0.8620218579234973,
40,42,0.7006211180124224,0.8782608695652174,miss
40,43,0.6968944099378882,0.9018633540372673,miss
40,44,0.7031055900621117,0.9130434782608696,miss
41,0,0.7416149068322981,-0.8993788819875776,miss
41,1,0.7403726708074534,-0.8869565217391304,miss
41,2,0.7453416149068324,-0.8683229813664597,miss
41,3,0.7403726708074534,-0.8459627329192547,
41,4,0.7391304347826086,-0.8285714285714285,miss
41,5,0.7368175454969668,-0.7881474568362109,
41,6,0.738,-0.768,
41,7,0.732,-0.726,
41,8,0.732,-0.6779999999999999,
41,9,0.7279503105590062,-0.653416149068323,
41,10,0.7304347826086957,-0.6161490683229813,
41,11,0.7289666854884247,-0.5573122529644269,
41,12,0.7289666854884247,-0.5234330886504799,
41,13,0.7289666854884247,-0.4771315640880859,
41,14,0.7267080745341614,-0.4161490683229814,
41,15,0.7267080745341614,-0.3698475437605872,
41,16,0.727837380011293,-0.3133822699040091,
41,17,0.728,-0.258,
41,18,0.728,-0.2139999999999999,
41,19,0.7267080745341614,-0.15527950310559,
41,20,0.7300959909655562,-0.0976849237718803,
41,21,0.728,-0.046,
41,22,0.724,0.02,
41,23,0.73,0.078,
41,24,0.72,0.1120000000000001,
41,25,0.722,0.1799999999999999,
41,26,0.724,0.2299999999999999,
41,27,0.722,0.272,
41,28,0.724,0.3400000000000001,
41,29,0.724,0.3879999999999999,
41,30,0.724,0.4299999999999999,
41,31,0.722,0.494,
41,32,0.728,0.538,
41,33,0.726,0.5720000000000001,
41,34,0.726,0.6299999999999999,
41,35,0.73,0.6699999999999999,
41,36,0.726,0.698,
41,37,0.728,0.748,
41,38,0.728,0.774,
41,39,0.73,0.8,
41,40,0.7308743169398908,0.8401639344262295,
41,41,0.73305954825462,0.8572895277207393,
41,42,0.7391304347826086,0.8757763975155279,miss
41,43,0.7403726708074534,0.9018633540372673,miss
41,44,0.7440993788819876,0.9142857142857144,miss
42,0,0.7662337662337662,-0.8961038961038961,miss
42,1,0.76171654432524,-0.8848108413325805,miss
42,2,0.7639751552795031,-0.8644833427442123,miss
42,3,0.7628458498023716,-0.8475437605872389,
42,4,0.7594579333709768,-0.8260869565217391,miss
42,5,0.7573495100326646,-0.782547830144657,
42,6,0.7620158656089595,-0.7629491367242184,
42,7,0.758,-0.726,
42,8,0.756,-0.6819999999999999,
42,9,0.7540372670807454,-0.6422360248447205,
42,10,0.7526821005081874,-0.6081309994353472,
42,11,0.7549407114624507,-0.5561829474872952,
42,12,0.7549407114624507,-0.5256916996047432,
42,13,0.7526821005081874,-0.4760022586109542,
42,14,0.7492941840767928,-0.4105025409373235,
42,15,0.7492941840767928,-0.3721061547148503,
42,16,0.7481648785996613,-0.3133822699040091,miss
42,17,0.75,-0.256,
42,18,0.7481648785996613,-0.2083568605307736,miss
42,19,0.743647656691135,-0.1518915866741953,miss
42,20,0.7481648785996613,-0.0920383963862224,miss
42,21,0.75,-0.048,
42,22,0.744,0.022,
42,23,0.75,0.076,
42,24,0.75,0.1120000000000001,
42,25,0.748,0.1799999999999999,
42,26,0.75,0.2319999999999999,
42,27,0.744,0.274,
42,28,0.75,0.3420000000000001,
42,29,0.748,0.3859999999999999,
42,30,0.746,0.4279999999999999,
42,31,0.746,0.494,
42,32,0.748,0.54,
42,33,0.75,0.5740000000000001,
42,34,0.746,0.6319999999999999,
42,35,0.75,0.6679999999999999,
42,36,0.75,0.7,
42,37,0.75,0.746,
42,38,0.75,0.768,
42,39,0.75,0.796,
42,40,0.754,0.8400000000000001,
42,41,0.754,0.8540000000000001,
42,42,0.756,0.8759999999999999,
42,43,0.758,0.902,
42,44,0.7628458498023716,0.9153020892151328,miss
43,0,0.7955957086391869,-0.893845285149633,miss
43,1,0.7933370976849237,-0.8825522303783173,miss
43,2,0.7933370976849237,-0.8577075098814229,
43,3,0.7922077922077921,-0.8430265386787126,
43,4,0.7933370976849237,-0.8226990400903444,
43,5,0.7944664031620554,-0.7786561264822134,
43,6,0.7922077922077921,-0.7583286278938453,
43,7,0.7910784867306606,-0.7210615471485037,
43,8,0.7888198757763976,-0.6758893280632411,
43,9,0.787690570299266,-0.6499153020892151,
43,10,0.7888198757763976,-0.603613777526821,
43,11,0.7899491812535291,-0.5527950310559007,
43,12,0.787690570299266,-0.5211744776962168,
43,13,0.782,-0.472,
43,14,0.7831733483907397,-0.4105025409373235,
43,15,0.7820440429136082,-0.3687182382834556,
43,16,0.7843026538678712,-0.3145115753811406,
43,17,0.7809147374364767,-0.2569169960474308,
43,18,0.782,-0.2139999999999999,
43,19,0.784,-0.144,
43,20,0.786,-0.0899999999999999,
43,21,0.784,-0.05,
43,22,0.782,0.022,
43,23,0.7797854319593449,0.0762281197063805,
43,24,0.782,0.1100000000000001,
43,25,0.776,0.1779999999999999,
43,26,0.782,0.2299999999999999,
43,27,0.778,0.276,
43,28,0.778,0.3400000000000001,
43,29,0.778,0.3859999999999999,
43,30,0.776,0.4279999999999999,
43,31,0.776,0.494,
43,32,0.7752682100508188,0.5347261434217956,
43,33,0.7775268210050819,0.5731225296442688,
43,34,0.7809147374364767,0.6341050254093732,
43,35,0.7797854319593449,0.6691134952004518,
43,36,0.7786561264822134,0.6973461321287409,
43,37,0.7820440429136082,0.7413890457368719,
43,38,0.7820440429136082,0.771880293619424,
43,39,0.7831733483907397,0.7933370976849237,
43,40,0.7809147374364767,0.841897233201581,
43,41,0.7833675564681726,0.8583162217659137,
43,42,0.7843026538678712,0.8746470920383964,miss
43,43,0.7854319593450028,0.904009034443817,miss
43,44,0.7910784867306606,0.9130434782608696,miss
44,0,0.8068887634105026,-0.893845285149633,miss
44,1,0.8057594579333709,-0.8814229249011858,miss
44,2,0.8035008469791078,-0.8588368153585545,miss
44,3,0.8057594579333709,-0.8441558441558441,miss
44,4,0.8057594579333709,-0.823828345567476,miss
44,5,0.8068887634105026,-0.7820440429136082,miss
44,6,0.8068887634105026,-0.7583286278938453,miss
44,7,0.8035008469791078,-0.719932241671372,miss
44,8,0.8035008469791078,-0.6736307171089779,miss
44,9,0.8012422360248448,-0.6499153020892151,miss
44,10,0.8023715415019763,-0.6058723884810842,miss
44,11,0.8012422360248448,-0.5471485036702428,miss
44,12,0.7989836250705815,-0.5189158667419538,miss
44,13,0.7944664031620554,-0.4658385093167702,miss
44,14,0.7989836250705815,-0.4116318464144551,miss
44,15,0.7967250141163185,-0.3687182382834556,miss
44,16,0.7955957086391869,-0.3111236589497459,miss
44,17,0.79785431959345,-0.2569169960474308,miss
44,18,0.7967250141163185,-0.2117447769621683,miss
44,19,0.79785431959345,-0.1428571428571429,miss
44,20,0.8001129305477133,-0.085262563523433,miss
44,21,0.7989836250705815,-0.0479954827780915,miss
44,22,0.79785431959345,0.0220214568040655,miss
44,23,0.79785431959345,0.0762281197063805,miss
44,24,0.7989836250705815,0.1146245059288537,miss
44,25,0.7944664031620554,0.1823828345567475,miss
44,26,0.7989836250705815,0.2332015810276679,miss
44,27,0.7989836250705815,0.2783738001129305,miss
44,28,0.7955957086391869,0.3393562958780349,miss
44,29,0.7989836250705815,0.3879164313946923,miss
44,30,0.7955957086391869,0.4263128176171655,miss
44,31,0.7933370976849237,0.4929418407679278,miss
44,32,0.7944664031620554,0.5381140598531904,miss
44,33,0.7955957086391869,0.569734613212874,miss
44,34,0.8023715415019763,0.6318464144551101,miss
44,35,0.8023715415019763,0.6679841897233201,miss
44,36,0.8023715415019763,0.6950875211744778,miss
44,37,0.8035008469791078,0.745906267645398,miss
44,38,0.8046301524562394,0.771880293619424,miss
44,39,0.8068887634105026,0.7955957086391869,miss
44,40,0.8147939017504235,0.841897233201581,miss
44,41,0.8159232072275551,0.8554488989271598,miss
44,42,0.8159232072275551,0.8735177865612649,miss
44,43,0.8181818181818181,0.8972332015810276,miss
44,44,0.8226990400903444,0.9096555618294748,miss
